mode,run_id,cycles,energy,temp,wall_clock_s
uncompiled,1,60006,0.010700239999993276,25.000094997788327,0.20003236499906052
uncompiled,2,60006,0.010700239999993276,25.000094997788327,0.21432676699987496
uncompiled,3,60006,0.010700239999993276,25.000094997788327,0.20673032699960459
compiled,1,50006,0.010700239999996244,25.00005999895227,0.16951959000107308
compiled,2,50006,0.010700239999996244,25.00005999895227,0.16874338399975386
compiled,3,50006,0.010700239999996244,25.00005999895227,0.18035077300010016
