{
  "sim_cycles": 500006,
  "wall_native_s": 0.0014569759368896484,
  "sim_clock_hz": 343180684.9654721
}